{"services":[{"serviceType":"Connectivity","description":"","commands":[{"commandName":"connectivity_ack","paras":[{"paraName":"version","dataType":"int","required":true,"min":"-2147483648","max":"2147483647","step":0.0,"maxLength":0,"unit":null,"enumList":null},{"paraName":"messgetype","dataType":"int","required":true,"min":"-2147483648","max":"2147483647","step":0.0,"maxLength":0,"unit":null,"enumList":null},{"paraName":"messagelen","dataType":"int","required":true,"min":"-2147483648","max":"2147483647","step":0.0,"maxLength":0,"unit":null,"enumList":null},{"paraName":"ackvalue","dataType":"int","required":true,"min":"-2147483648","max":"2147483647","step":0.0,"maxLength":0,"unit":null,"enumList":null},{"paraName":"messagesn","dataType":"int","required":true,"min":"-2147483648","max":"2147483647","step":0.0,"maxLength":0,"unit":null,"enumList":null},{"paraName":"messagecode","dataType":"int","required":true,"min":"-2147483648","max":"2147483647","step":0.0,"maxLength":0,"unit":null,"enumList":null},{"paraName":"checksum","dataType":"int","required":true,"min":"-2147483648","max":"2147483647","step":0.0,"maxLength":0,"unit":null,"enumList":null}],"responses":[{"responseName":"cmdResponses","paras":[]}]}],"properties":[{"propertyName":"version","dataType":"int","required":true,"min":"-2147483648","max":"2147483647","step":0.0,"maxLength":0,"method":"RW","unit":null,"enumList":null},{"propertyName":"messgetype","dataType":"int","required":true,"min":"-2147483648","max":"2147483647","step":0.0,"maxLength":0,"method":"RW","unit":null,"enumList":null},{"propertyName":"messagelen","dataType":"int","required":true,"min":"-2147483648","max":"2147483647","step":0.0,"maxLength":0,"method":"RW","unit":null,"enumList":null},{"propertyName":"messagesn","dataType":"int","required":true,"min":"-2147483648","max":"2147483647","step":0.0,"maxLength":0,"method":"RW","unit":null,"enumList":null},{"propertyName":"batterylevel","dataType":"int","required":true,"min":"-2147483648","max":"2147483647","step":0.0,"maxLength":0,"method":"RW","unit":null,"enumList":null},{"propertyName":"signalstrength","dataType":"int","required":true,"min":"-2147483648","max":"2147483647","step":0.0,"maxLength":0,"method":"RW","unit":null,"enumList":null},{"propertyName":"imei","dataType":"string","required":true,"min":"1","max":"2147483646","step":0.0,"maxLength":15,"method":"R","unit":"null","enumList":null},{"propertyName":"imsi","dataType":"string","required":true,"min":"1","max":"2147483646","step":0.0,"maxLength":15,"method":"R","unit":"null","enumList":null},{"propertyName":"timestampup","dataType":"int","required":true,"min":"-2147483648","max":"2147483647","step":0.0,"maxLength":0,"method":"RW","unit":null,"enumList":null},{"propertyName":"timestamplow","dataType":"int","required":true,"min":"-2147483648","max":"2147483647","step":0.0,"maxLength":0,"method":"RW","unit":null,"enumList":null},{"propertyName":"userdata","dataType":"string","required":true,"min":"1","max":"2147483646","step":0.0,"maxLength":512,"method":"RW","unit":"null","enumList":null},{"propertyName":"checksum","dataType":"int","required":true,"min":"-2147483648","max":"2147483647","step":0.0,"maxLength":0,"method":"RW","unit":null,"enumList":null}],"events":[]}]}