{"services":[{"serviceType":"Transmission","description":"","commands":[{"commandName":"downdata","paras":[{"paraName":"version","dataType":"int","required":true,"min":"-2147483648","max":"2147483647","step":0.0,"maxLength":0,"unit":null,"enumList":null},{"paraName":"messagetype","dataType":"int","required":true,"min":"0","max":"1","step":0.0,"maxLength":0,"unit":null,"enumList":null},{"paraName":"messagelen","dataType":"int","required":true,"min":"0","max":"1","step":0.0,"maxLength":0,"unit":null,"enumList":null},{"paraName":"checksum","dataType":"int","required":true,"min":"0","max":"1","step":0.0,"maxLength":0,"unit":null,"enumList":null},{"paraName":"userdata","dataType":"string","required":true,"min":"1","max":"2147483646","step":0.0,"maxLength":512,"unit":"null","enumList":null}],"responses":[{"responseName":"cmdResponses","paras":[{"paraName":"downdata_ack","dataType":"int","required":true,"min":"-2147483648","max":"2147483647","step":0.0,"maxLength":0,"unit":null,"enumList":null}]}]}],"properties":[],"events":[]}]}